1_en757h1t,205000
1_gu2ny8c2,546000
1_i35x6w54,248000
1_r8is7316,2929000
1_g38z1r2m,1543000
1_8rnj6bdk,2687000
1_evcloyhp,1046000
1_gqm948nv,488000
1_n12t53du,2875000
1_9wacqsav,2889000
1_kmpb6rrq,3002000
1_yuljef85,361000
1_1i51ihs4,206000
1_8bpy0uok,2468000
1_zyen4fph,2941000
1_f478whjf,2708000
1_hd5iimmp,2701000
1_7beozrmv,1697000
1_1w30ws0p,3019000
1_w9ntzaq0,644000
1_ydtwkwkt,229000
1_mr9rut2k,3024000
1_lkn6f0g6,922000
1_ubgwafes,1714000
1_grmqnsb4,553000
1_m8kz9w7i,935000
1_2u3l4ebp,2550000
1_6hyh0vki,2876000
1_hfpwrhr4,2741000
1_b7diffsm,968000
1_3cu152b9,2855000
0_wqur1jov,494000
1_8tqao8rb,1625000
1_60t94ue9,3063000
1_fgsdhuuv,246000
1_kbrrtz1q,2585000
1_p0wi4bw9,310000
1_hnc9596y,2676000
1_3vhx9diy,2887000
1_sp8tv954,2624000
1_m0h0vode,1969000
0_uf79jmue,2552000
1_ssy2ssrl,2841000
1_etpq7x8m,2410000
1_l4kie4tw,2877000
1_wg46fclz,764000
1_3jrajenb,429000
1_zyjbnkqu,1313000
1_cb1kgor8,182000
1_yv2xeyoj,672000
1_3zk9zy4y,2858000
0_cx08qv88,2900000
1_py9q3jxw,356000
1_bwqejw3y,922000
1_71suze30,544000
0_0anyrndz,2836000
1_aawv7wl6,704000
1_hn72hyd9,423000
1_i4l7kyx4,880000
1_4v63ziyl,2853000
1_ggyuacch,2755000
1_ih35uybb,424000
1_zbolnekq,2714000
1_5a2s97j2,3346000
1_cm0tvvp4,926000
1_vplbhytc,1009000
1_nko3bo2x,2942000
1_wdvv5cvp,537000
1_ifohdze9,3012000
1_z201lrne,2342000
1_o4yk70lq,3013000
1_lcssffkm,2940000
0_e58snx74,2147000
1_2yat0f5u,2613000
1_8w1wjqqc,2651000
1_q7tmczb9,2669000
1_2jfaql1d,2758000
1_5q1a7s8v,704000
1_6g1jggjd,2583000
1_xit2j1am,3299000
1_x2qtfdiv,1770000
1_u8kdm4cd,2608000
1_9vpkujcl,1433000
1_hg3u24tf,2715000
1_ks23vp9i,142000
1_kcmd7loa,412000
1_6wvet5hq,1444000
1_d72wy4ql,1769000
1_s83m9xkk,543000
1_u6s6axw1,486000
0_mkfzfx58,2450000
1_0pphe1iu,870000
1_owmawr27,968000
1_cd9q2469,2735000
1_htruq7ia,1422000
1_f803ohcw,919000
1_0dnaiifo,478000
1_fmd3x0w9,2650000
1_5ahj8uk3,2796000
1_r3jlyefl,440000
1_ef1t19dz,455000
1_2cl8a9tv,519000
1_j2puia7s,2583000
1_92fdlbqt,2862000
1_1pekrze1,2947000
0_2agjk7i0,2348000
1_irzcaejw,2701000
1_o4g9n8vd,2672000
1_afxcvgv6,490000
1_ulu9o0dp,3259000
1_o9qtcu65,1651000
1_nnwx4eo6,1343000
1_12ti23zn,1409000
1_kwnuu0s0,584000
1_iydrtpi6,1742000
1_gn2vhmdj,1739000
0_5bdqcnwm,2549000
1_nf6n5sgt,2737000
1_0a9ftyb5,637000
1_mwecfj9k,2639000
1_4kulaaed,1410000
1_80nav8hb,906000
1_4ax87pba,413000
1_fo2kzowb,2723000
1_xsd3541f,1733000
1_656yqr1x,2539000
1_og7rf8lp,1221000
1_xhpu173g,2997000
0_xj2vnw1j,3113000
1_kvwrcydm,1179000
0_u2g94z6q,2567000
1_ip94722r,51759
1_9n4zr30k,19119
0_kabyponh,2611000
1_orr1h6pn,572000
1_fvtzjndl,291000
1_xwuyz6w6,1013000
1_4t6n2h82,622000
1_qv76zxbm,2628000
1_q5c9whpo,2973000
1_ag5yetdr,1713000
0_z7jo1ivd,2566000
1_f424l1nk,728000
0_yvq4dikw,3169000
1_owpbf34g,2843000
1_8aaww45c,560000
1_ykiihk8j,1410000
1_d87gzec1,2954000
1_xni9otxx,1661000
1_d44tm5v1,614000
1_9950j5im,576000
1_d66ego6p,1657000
1_x9r3i2z8,2314000
1_fj0ow6qg,731000
1_5mjzr792,133000
1_zp88fjul,2908000
1_zrrnuf9q,2474000
1_7z432jhj,2483000
1_amc3tr0r,1030000
0_okzm1ao1,2728000
1_q8xwgol6,2728000
1_xewfg1bv,966000
1_99twf0x1,3144000
1_bss4xg5m,3140000
1_mbxybmix,421000
1_9yhalxit,1238000
1_rwy3i7q6,446000
1_3eqg6i4a,190000
1_jun2ykjn,791000
1_5ymfrc4d,3124000
1_l8uvpbqa,704000
1_xleh1yec,3067000
1_0ppuv9su,2742000
1_jx3avar3,2627000
1_vm5n3xbg,3059000
1_xavnfpau,2656000
1_1cj77fh1,1017000
1_j6uvmmvb,2310000
1_6ri3oq1g,2712000
1_a3rjg76l,2933000
1_0fyah3pf,2589000
1_jnfc84zt,2845000
1_uu1tz5sn,2650000
1_5t3098sg,2920000
1_qnj9edrh,1553000
1_h4ngh8f9,839000
1_1rxm6rid,2794000
1_rdm7iagk,2742000
1_3vafr89z,791000
1_lrhyxl3v,2629000
1_058edkzw,719000
1_1jm6bm21,3008000
1_uy13896c,1308000
1_52ovjd70,2545000
1_leb1b631,1686000
1_sxtbzvqi,2726000
1_xdbb37xm,1410000
1_zaplyptq,2690000
1_tdpkxnm6,627000
1_v8c86ohz,2775000
1_1z5472cq,294000
1_kr80p36m,1309000
0_jyrgyd6p,3369000
0_0kqjzglh,3353000
0_pnevcgr5,2948000
1_0sigxbrg,138000
1_h1oizl6w,701000
1_871a5p2j,2747000
0_xrz3o7ak,2857000
1_kg8rmtp9,1085000
0_mj2mm8r9,225000
0_u8c7n6al,3222000
1_6dutqhol,486000
0_s39v5v84,242000
0_epmaybug,3455000
0_evb1vgtk,3454000
0_0hlu6pwp,1247000
1_14fo5j0c,1244000
0_h88j0j0s,2515000
1_2qpg5pn4,2752000
1_ntfg2fur,1733000
0_vf7nv5q3,218000
0_05yttpc8,123000
1_n6nodl9t,1944000
1_sx8vtd5o,2947000
1_7slj25rt,1272000
1_l6xpdrul,2617000
1_10zguurq,2728000
1_h216knpm,704000
1_946q4a36,2127000
1_25d66bgz,2512000
1_qix3ot04,1626000
1_np23dhts,1677000
1_6z5hyqpp,1645000
1_1solvtk3,627000
0_o0ttqdpn,1598000
1_49uoa61n,1487000
1_6kmr1egb,1138000
1_wa4s90ky,2946000
0_hq7j2n4g,2985000
1_eatdl6pv,2756000
0_z3kj1onq,246000
0_zjore9n5,2138000
0_0wm67sam,3152000
1_5cze833g,2927000
1_yeuh0nmy,3096000
1_dm3mugw7,2879000
1_rqn1slrt,1574000
1_y3gl39yd,819000
1_uxg9qjxm,2684000
1_jwwf5yb6,2703000
1_yiujvltc,2902000
1_qcanjx3z,1410000
1_r5aip0er,1682000
1_wrh825io,1702000
1_5kg76x2k,1684000
1_hi7228u2,160000
1_bayxwc0i,3114000
1_4wge0bs5,2816000
1_eazz583e,2895000
1_22g8omw8,2709000
0_mm32mxze,227000
1_vg0h588i,970000
1_cc3ilb8x,1372000
1_8xrqzcob,1406000
1_fxge32iy,2534000
0_w4sfacjo,1397000
1_vwx6yot3,1497000
1_pxwtcjee,1034000
0_6a4173gy,2118000
1_en757h1t,205000
1_s4teifvd,2649000
0_g5cu773i,3108000
0_y8g9qeb8,3051000
1_pk9czcx0,1223000
0_tjzwehf6,237000
1_fl7ne2nb,1620000
1_l5fiivhg,2944000
1_1jcaqb2w,2954000
1_eeq3ddlf,443000
1_vnnzy0ys,1627000
1_1eu1mmgm,1379000
1_3bolqe8s,1410000
1_efbr7f5j,1567000
0_pufkvzgs,3325000
0_2zm22jmu,147000
1_tyn75toc,635000
1_1v67jfu9,312000
1_it2fqnho,1665000
1_51vrq6uq,145000
0_5r1o75s4,3210000
1_r44lglll,2704000
0_wr1rjhjd,1919000
0_tya6hkno,2959000
1_4u2ju0kl,2389000
0_f66a31ve,3270000
0_9aoshi7w,1364000
1_xslartxy,1243000
1_mx9cjxdq,1513000
1_yl63jzv4,869000
0_z21d46yv,3011000
1_2lzpqr6j,1489000
1_21u6qssc,1393000
1_92ew0vq4,51759
0_wghc34rc,2974000
1_ln7pvuko,2001000
0_0ba5eih2,1994000
1_p75am7pa,2856000
0_okw3z915,3787738
0_99hr1hak,210000
0_q02wlvwo,1155000
1_bi5jgq7h,2934000
1_gq3prim3,2807000
0_ujhoaqv7,2354000
1_r13q4816,1065000
1_83xn4a6p,835000
0_v6oeku0q,1330000
1_wwxu34l8,1480000
0_5xn1k39s,1380000
0_xojygx5a,140000
1_idlra0im,1410000
0_6r77uoj2,3558000
1_0dg89y59,1372000
1_q4rosajp,1591000
1_94y9wx6a,1337000
1_givkymiw,1367000
1_ik0yj87p,1407000
0_rmydsqvl,192000
0_40sbgczo,2902000
1_maoy4qzs,1390000
1_kbqja279,1406000
1_1ow5kkjp,150000
1_cse6mqar,922000
1_w268pckn,881000
1_4le20rzo,1410000
1_gxaxqsbw,1949000
0_1zg9juaa,207000
0_rv3557zc,2065000
0_etfqknu7,1553000
1_k63g9t1d,2816000
1_bvwf3yf5,2903000
1_dc8tqfuo,1346000
1_1lrxzoos,1009000
1_5dz173rg,1436000
1_skqrzqo2,2757000
0_e4ar6bi3,2834000
1_lfyp2017,1308000
1_mr8yfw07,1368000
1_tncfmahw,1288000
0_nyeojgbd,190000
0_7iw1lyye,167000
1_bd9r9lfx,1751000
1_d79ncw04,1391000
1_j4v8nikj,2865000
0_q4cgofqz,1586000
1_hxicfhcv,1634000
0_xg9wmpaa,6200346
1_kbyf3kfy,1856000
1_3lw3mbjp,1207000
1_r3y03mhf,359000
1_f105hvbs,1591000
0_miiwhua4,2819000
1_nrq7m4qx,2512000
1_cko6h3c1,2558000
1_da035mcd,1410000
1_33xm0605,2559000
1_gsgywhw9,2709000
0_2zii230v,1201000
1_ia8npdo0,1099000
1_12hsi8iy,617000
1_ff0ubxtj,1411000
1_zubml6ht,1487000
1_udotd1mp,1323000
1_nrdfwp91,2960000
0_onrj339o,2873000
1_9m8yra4b,2665000
0_wgntofm4,1310000
1_9rdndkk4,1739000
1_fon5j68c,1191000
0_xdk2kphy,2834000
1_g7cfaa4l,2807000
0_tzuyyaxc,1432000
1_e8s9005z,1364000
1_8psf6wdt,2967000
1_6emw5xdi,1708000
1_tdzt5q12,1263000
1_ecqkv27l,1460000
1_lnbkf4g2,1541000
0_b4gnzi1l,4421615
0_t6mirujs,1297000
1_lw31625p,1154000
0_2itaydtj,986000
0_660hbjyf,1494000
1_vhup3ik1,2849000
1_y2iwrrqt,2855000
1_5v3jxpkh,661000
1_tgmtcc43,1226000
0_plcjpxlh,213000
1_hd89kp9o,1417000
1_mr6qnc8x,1745000
1_ac8ja847,3034000
1_y6hy3a78,2429000
1_wttonev4,1096000
0_9c3py8gj,1583000
1_7yzicre5,2683000
0_grpfs76s,2663000
1_rjnbiwp6,1333000
1_na3yow0j,2953000
0_3962xrf0,1380000
0_koi0towu,1562000
1_f98e63ac,2652000
1_070vuxxd,2313000
1_ttb82all,1297000
1_0ywru44y,2736000
1_09yu6k2s,225000
1_cux14ezc,1251000
0_o2obuage,3375000
1_65mx313z,1543000
1_jr3n0i4b,2632000
1_r36pdui7,878000
1_4t6a4lec,1412000
1_0vostxc0,1410000
0_j7scimu8,217000
1_hci6psq4,2635000
1_67ylzj45,2732000
1_30gu6rtc,51759
0_dp2g87mo,1777000
1_k98cnfl3,13679
0_z0s4gz2k,214000
1_m6hcvtbe,1918000
1_r5gebdz8,182000
1_ufklmmy7,996000
0_kwlc73sd,2661000
1_a6jzmbg5,1410000
1_f7f93chk,1634000
0_27frkzg7,3247000
1_lehfscw0,2310000
1_xja6t7qm,1409000
0_bkhmytnl,2792000
1_8uf037es,1661000
1_dy0zw9gf,2382000
0_zkq8uhel,1304000
1_dytf6317,835000
0_d1wqtyax,234000
1_1ah9gibo,1108000
0_a9rfuoem,160000
1_yusc0nhd,1467000
1_e70ceewg,2710000
1_rwbhfivj,620000
1_9768r93j,2685000
1_vbnv6f3i,446000
1_zny25ns0,1467000
0_5iypp8z7,223000
1_oodsz1zi,1006000
1_ipq58v27,1626000
1_4n4pqx0r,620000
1_9y4zw1rc,1410000
1_1o7ual5b,1470000
0_wmfd66kh,1579000
1_5pynvcsl,1245000
0_9d0h3fr6,2676000
1_rxiwb1ro,1052000
1_2n1honsw,2947000
1_shpyxih3,2889000
1_6al3u2aa,1227000
1_iqs4iybe,1299000
1_22rvab8h,51759
0_vdtdrm52,1380000
1_je04aii9,1324000
1_i10d8x7l,225000
1_e1l5w6ce,1242000
1_enohy8za,2887000
1_aaw2b11f,3410000
0_7vxo557d,3155000
1_duxop0fc,1661000
0_fl4za7zj,3632858
1_21rxs28z,95000
0_jg91rwon,3332000
1_018qsb6w,1699000
1_gm0mjeg9,1226000
1_acbnkqws,1333000
0_0gss49ig,1508000
0_bhbgieek,1498000
0_01k123zb,1980000
1_65amhhzu,2830000
0_071cqqfc,1154000
1_p35le5pk,1661000
1_38jvhm1w,1614000
1_olob6zx5,1319000
1_i12hlrqw,2614000
0_7xa8q891,2190000
1_y7k0is6e,138000
1_iwmcqohg,1266000
0_gdx4hpxq,2855000
0_ghy0ltvw,2928000
1_b8i0rwsa,1267000
1_2k23qdu8,2740000
1_4pkaf2pl,1762000
0_1b9y9x7d,1434000
1_3cu2u9wk,1181000
0_oidqxnt2,859000
1_cae06xqn,1444000
0_qgeg0tuk,3349000
1_je2ff3g1,1474000
1_1yx6an8g,625000
0_kzjgxjpk,1229000
1_ydhfbzqu,1009000
0_nv7zyzk7,1303000
1_mqgkteav,1331000
0_2qd0koah,1059000
1_vgqu7s3m,138000
1_gpskypnk,1196000
1_l3k0x4qq,2856000
1_o34kuxvz,3010000
0_g44ejega,229000
1_exyt8wj9,2954000
0_dd01lijp,1316000
1_nompu2e5,1144000
0_pvs7h3h5,3096000
1_pni57wst,1409000
0_uslp9vu9,267000
1_o9mnqjea,1464000
0_93x4z685,2040000
0_dh6sblyy,217000
1_yic6jh5f,704000
1_dvh3hqh2,1410000
1_j2yxbsqg,2747000
1_l7l9vvis,1220000
0_m1g7a8z4,3140000
0_4gwmg7sd,3034000
1_mjestswx,2642000
0_9sfnk35y,2879000
0_2m4yieg0,1380000
0_0rfomlji,3131000
1_wnl50ugn,2994000
1_71ugu6ar,2887000
1_n3vx28tw,1069000
1_nd5q2uoz,2864000
1_jg3ywrqq,2596000
1_x6aqmjuj,2733000
1_adjbgv97,1444000
1_i52ofg1i,2010000
1_ln2i30jg,1244000
1_x9q4togx,1273000
1_ebsq6l92,1082000
1_beyqqtck,2943000
1_76iv42q1,1918000
1_zjj8xn1i,1722000
1_uqb2vkk4,1735000
1_4lpsqdxh,878000
0_ds8hwzus,2681000
0_1t72zx0w,1232000
1_15n6c60q,1924000
1_brbceoxy,1089000
1_5yseyb0o,1368000
1_pz54qgb8,2832000
1_n15r0067,2752000
1_j5jmvmo8,1694000
0_ji9ge69q,3044000
1_1q0j83sl,1077000
0_felqqvrs,2599000
1_uh0n2h59,2646000
1_jc0lroro,2288000
1_c6ftec6q,989000
1_6mnw0yxp,1469000
0_z5g54egc,1781000
1_tstke2q9,2932000
1_3fy08h34,2919000
0_wxag3nit,1281000
1_v5g7jet6,1069000
1_bvq7j7rc,1431000
1_clvq1jmy,742000
1_lf0rqtts,323000
1_5hyt976t,2505000
1_sifewuo6,1030000
1_grimns0v,2601000
1_78awy0yi,2613000
1_4q1rpho5,286000
0_f4sm45rl,874000
1_38n3t1z6,3022000
1_ggsaf6i9,3229000
1_qn1ghlb0,3006000
1_sthc2ptv,2968000
0_y2ivu9sw,1380000
0_dniv97xb,1425000
0_xib9i6sh,181000
1_98d3h6dj,2570000
1_qurboi53,2726000
1_xo8zc7fh,2580000
1_mooe5728,1739000
1_u8zkds4t,1449000
1_ah30sktz,2852000
1_6sh3h2vo,786000
1_xhxmt4t7,2624000
1_b3zn4zqu,1305000
1_ix0ckusf,923000
1_37ggq5a5,1678000
1_s0p6ecsy,743000
1_irt5e2uf,1431000
1_w1c9nf9o,167000